{
    "objects": [
        {
            "type": 0,
            "data.positionX": -2.4116387367248537,
            "data.positionY": 3.191619634628296,
            "data.positionZ": 4.613767623901367,
            "data.rotateX": 0.0,
            "data.rotateY": 0.4349653720855713,
            "data.rotateZ": 0.0,
            "data.rotateW": 0.9004465937614441
        },
        {
            "type": 0,
            "data.positionX": 2.6209120750427248,
            "data.positionY": 3.527482032775879,
            "data.positionZ": 2.9452223777770998,
            "data.rotateX": 0.0,
            "data.rotateY": 0.9489831328392029,
            "data.rotateZ": 0.0,
            "data.rotateW": 0.3153218626976013
        },
        {
            "type": 1,
            "data.positionX": -0.004147708415985107,
            "data.positionY": 3.296078681945801,
            "data.positionZ": 2.410266876220703,
            "data.rotateX": 0.0,
            "data.rotateY": 0.0,
            "data.rotateZ": 0.0,
            "data.rotateW": 1.0
        }
    ]
}