{
    "pos": {
        "x": -1.9425326585769654,
        "y": 3.1380858421325685,
        "z": 2.3372080326080324
    }
}