{
    "pos": {
        "x": -2.0760974884033205,
        "y": 3.0894079208374025,
        "z": 1.387389898300171
    }
}